name,location,description,category,historical_period,latitude,longitude,keywords,tourism_season,avg_visit_time,popularity_level,fun_fact,source,name_clean,region
Stari Most,Mostar,"A 16th-century Ottoman bridge crossing the Neretva river, a symbol of the city and a UNESCO World Heritage site.",Monument,Ottoman,43.3373,17.815,"bridge, UNESCO, Ottoman, Neretva, architecture",Summer,1 hour,A,Local divers jump from the bridge into the cold Neretva river as a traditional rite of passage.,https://en.wikipedia.org/wiki/Stari_Most,stari most,Herzegovina
Baščaršija,Sarajevo,"The historical and cultural center of Sarajevo, established in the 15th century as a market hub.",Bazaar,Ottoman,43.8598,18.4313,"market, bazaar, crafts, old town, sebilj",All year,2-3 hours,A,The name Baščaršija derives from the Turkish words 'baş' (head) and 'çarşı' (market).,https://en.wikipedia.org/wiki/Baščaršija,baščaršija,Sarajevo Region
Kastel Fortress,Banja Luka,"A historic fortress situated on the left bank of the Vrbas river, containing remains of Roman and Ottoman fortifications.",Fortress,Roman/Ottoman,44.7663,17.1889,"castle, fortification, river, history",Spring-Summer,1-2 hours,A,The fortress is one of the oldest buildings in Bosnia and Herzegovina with traces of Neolithic settlements.,https://en.wikipedia.org/wiki/Kastel_Fortress,kastel,Northern Bosnia
Kamene kugle (Stone Spheres),Zavidovići,"Large, mysterious spherical stone formations found in the forest near Zavidovići.",Hidden Gem,Unknown,44.4333,18.15,"mystery, nature, archeology, stone spheres",Spring-Autumn,1 hour,C,"The largest sphere is estimated to weigh over 30 tons, making it one of the largest in Europe.",https://www.atlasobscura.com/places/stone-spheres-of-zavidovici,kamene kugle (stone spheres),Central Bosnia
Bosnian Pyramid of the Sun,Visoko,A hillsite claimed by some to be the largest man-made ancient pyramid in the world.,Hidden Gem,Controversial,43.98,18.17,"pyramids, mystery, tunnels, Visoko",All year,3-4 hours,B,The Ravne tunnels underneath the pyramids are claimed to have high concentrations of negative ions.,https://en.wikipedia.org/wiki/Bosnian_pyramid_claims,bosnian pyramid of the sun,Central Bosnia
Obelisk near Olovo,"Bakići, Olovo","A mysterious 14th-century stone monolith decorated with carvings of a boar, a snake, and a crescent.",National Monument,Medieval,44.1111,18.5778,"obelisk, monolith, medieval, mystery, carvings",Spring-Autumn,45 min,C,"The obelisk is a unique monument of the Bosnian Church, likely marking the tomb of a high-ranking noble.",https://en.wikipedia.org/wiki/Obelisk_near_Olovo,obelisk near olovo,Central Bosnia
Lukomir Village,Konjic/Bjelašnica,"The highest and most isolated mountain village in Bosnia and Herzegovina, preserving traditional lifestyles.",Cultural Village,Medieval/Traditional,43.6139,18.1819,"mountains, hiking, traditional, village, high altitude",Summer,4-6 hours,C,Lukomir is unique for its stone houses with cherry wood roof tiles.,https://en.wikipedia.org/wiki/Lukomir,lukomir village,Herzegovina
AVNOJ Museum,Jajce,The building where the Second Session of the Anti-Fascist Council for the National Liberation of Yugoslavia was held in 1943.,Museum,Yugoslavia,44.3411,17.2703,"Yugoslavia, WWII, partisans, Tito, history",All year,1 hour,B,Socialist Yugoslavia was officially born within these walls during the 1943 assembly.,https://en.wikipedia.org/wiki/Jajce,avnoj museum,Central Bosnia
Tjentište (Sutjeska Memorial),Tjentište,A massive brutalist monument commemorating the Battle of the Sutjeska during WWII.,Yugoslav Monument,Yugoslavia,43.3453,18.6861,"brutalism, WWII, memorial, hiking, Sutjeska",Spring-Autumn,1-2 hours,B,The monument was designed by Miodrag Živković and is one of the most iconic Spomeniks in the Balkans.,https://en.wikipedia.org/wiki/Sutjeska_National_Park,tjentište (sutjeska memorial),Herzegovina
Mehmed Paša Sokolović Bridge,Višegrad,A 16th-century Ottoman bridge designed by Mimar Sinan and featured in Ivo Andrić's famous novel.,Monument,Ottoman,43.7825,19.2878,"bridge, UNESCO, literature, Sinan, Drina",Summer,1 hour,A,The bridge is the central 'character' in the Nobel-prize winning novel 'The Bridge on the Drina'.,https://en.wikipedia.org/wiki/Mehmed_Paša_Sokolović_Bridge,mehmed paša sokolović bridge,Eastern Bosnia
Blagaj Tekke,Blagaj,A Dervish monastery built into a 200m cliff next to the source of the Buna river.,Religious Site,Ottoman,43.2561,17.8931,"monastery, dervish, buna, river, nature",All year,1-2 hours,A,The Buna river spring is one of the largest and most powerful karst springs in Europe.,https://en.wikipedia.org/wiki/Blagaj_Tekke,blagaj tekke,Herzegovina
Radimlja Stećci Necropolis,Stolac,"One of the most important medieval tombstones (stećci) sites in Bosnia, featuring intricate carvings.",National Monument,Medieval,43.0847,17.9222,"UNESCO, stećci, medieval, carvings, history",All year,1 hour,A,"The site features 133 tombstones, many with the iconic 'man with a raised hand' relief.",https://en.wikipedia.org/wiki/Radimlja,radimlja stećci necropolis,Herzegovina
Vijećnica (City Hall),Sarajevo,"The most iconic building in Sarajevo, built in a pseudo-Moorish style, formerly the National Library.",Building,Austro-Hungarian,43.8592,18.4334,"library, architecture, history, Moorish",All year,1-2 hours,A,The building was completely destroyed during the Siege of Sarajevo and reopened in 2014 after restoration.,https://en.wikipedia.org/wiki/Sarajevo_City_Hall,vijećnica (city hall),Sarajevo Region
Počitelj,Čapljina,"A historic fortified town on the banks of the Neretva, a living museum of Ottoman architecture.",Fortress Town,Medieval/Ottoman,43.1344,17.7314,"castle, Ottoman, photography, history, town",Spring-Summer,2-3 hours,A,The town's Gavrankapetanović house was one of the first artist colonies in Southeast Europe.,https://en.wikipedia.org/wiki/Počitelj,počitelj,Herzegovina
Jajce Fortress,Jajce,"The seat of the last Bosnian kings, overlooking the famous 22-meter high Pliva waterfall.",Fortress,Medieval,44.3422,17.268,"castle, kings, waterfall, history, medieval",All year,2 hours,A,Jajce is the only city in the world with a natural waterfall in its very center.,https://en.wikipedia.org/wiki/Jajce_Fortress,jajce,Central Bosnia
Bobovac,Vareš/Kakanj,The royal city and residence of Bosnian kings during the medieval period.,Fortress,Medieval,44.1167,18.2333,"royalty, medieval, ruins, history, hiking",Spring-Autumn,2 hours,C,"The Bosnian royal crown was kept here for safety due to its strategic, hard-to-reach location.",https://en.wikipedia.org/wiki/Bobovac,bobovac,Central Bosnia
Tvrđava Srebrenik,Srebrenik,"The best-preserved medieval fortress in Bosnia, perched on a steep rock cliff.",Fortress,Medieval,44.7033,18.5208,"castle, medieval, preservation, cliff",Spring-Summer,1.5 hours,B,"It was the historical seat of the Ban Stjepan II Kotromanić, who issued the famous charter there in 1333.",https://en.wikipedia.org/wiki/Srebrenik_Fortress,srebrenik,Northern Bosnia
Kozara Monument,Kozara National Park,A revolutionary monument dedicated to the fallen fighters and civilians of the Battle of Kozara.,Yugoslav Monument,Yugoslavia,45.0125,16.9083,"memorial, WWII, brutalism, forest, history",Spring-Autumn,1-2 hours,B,The monument is designed to symbolize the struggle between light and darkness.,https://en.wikipedia.org/wiki/Mrakovica,kozara monument,Northern Bosnia
Mogorjelo,Čapljina,"Remains of a 4th-century Roman villa rustica, one of the most important Roman sites in the country.",National Monument,Roman,43.1022,17.7011,"Roman, villa, archeology, Čapljina",Spring-Autumn,1 hour,B,The site was originally a private farm and estate before being converted into a fortress.,https://en.wikipedia.org/wiki/Mogorjelo,mogorjelo,Herzegovina
Vjetrenica Cave,Ravno,"The largest and most important cave in Bosnia and Herzegovina, known for its biodiversity.",Natural/Cultural,Ancient,42.845,17.985,"cave, nature, UNESCO, proteus, ancient",Spring-Autumn,1.5 hours,B,It is the richest cave in the world in terms of subterranean biodiversity.,https://en.wikipedia.org/wiki/Vjetrenica,vjetrenica cave,Herzegovina
Kraljeva Sutjeska,Kakanj,The site of a Franciscan monastery and the ruins of a medieval royal court.,Religious Site,Medieval,44.1211,18.2019,"monastery, kings, medieval, history, church",All year,1.5 hours,C,"It was the residence of the last Bosnian Queen, Katarina, who is still mourned by local women wearing black headscarves.",https://en.wikipedia.org,kraljeva sutjeska,Central Bosnia
Partisan Memorial Cemetery,Mostar,A monumental necropolis built to honor the Yugoslav partisans from Mostar.,Yugoslav Monument,Yugoslavia,43.3425,17.7981,"monument, Mostar, WWII, architecture, cemetery",All year,1 hour,B,"Designed by architect Bogdan Bogdanović, it resembles a stone city with flowered terraces.",https://en.wikipedia.org/wiki/Partisan_Memorial_Cemetery_in_Mostar,partisan memorial cemetery,Herzegovina
Daorson,Stolac,The ruins of the ancient capital of the Hellenized Illyrian tribe known as the Daorsi.,Hidden Gem,Ancient,43.0967,17.9583,"Illyrian, ancient city, cyclopean walls, archeology",Spring-Autumn,1.5 hours,C,"The site features massive cyclopean walls built without mortar, similar to Mycenae.",https://en.wikipedia.org/wiki/Daorson,daorson,Herzegovina
Tešanj Fortress,Tešanj,"One of the largest and most significant fortresses in the country, with foundations from the 15th century.",Fortress,Medieval/Ottoman,44.6114,17.9861,"castle, medieval, tower, history",All year,1 hour,B,The fortress has a 17-meter high clock tower that is still operational today.,https://en.wikipedia.org/wiki/Tešanj_Fortress,tešanj,Northern Bosnia
Stari Grad Ostrožac,Cazin,"A unique castle featuring a mix of medieval, Ottoman, and Neo-Gothic architectural styles.",Fortress,Medieval/Austro-Hungarian,44.9125,15.9389,"castle, Cazin, architecture, sculpture park",Spring-Summer,1.5 hours,B,It contains an outdoor sculpture park with works from international artists.,https://en.wikipedia.org/wiki/Ostrožac_Castle,stari grad ostrožac,Krajina
Tvrđava Doboj,Doboj,A 13th-century fortress that served as a key defensive point in the Bosna river valley.,Fortress,Medieval,44.7336,18.0903,"castle, history, Doboj, defense",Spring-Autumn,1 hour,B,The fortress was attacked and besieged over 50 times throughout history.,https://en.wikipedia.org/wiki/Doboj_Fortress,doboj,Northern Bosnia
Museum of Contemporary Art (MSURS),Banja Luka,A leading cultural institution located in the former Banja Luka railway station.,Museum,Modern,44.7731,17.1917,"art, museum, modern, Banja Luka",All year,1-2 hours,B,The building itself is a protected national monument of architecture.,https://en.wikipedia.org/wiki/Museum_of_Contemporary_Art_of_Republika_Srpska,museum of contemporary art (msurs),Northern Bosnia
Konjic Old Bridge,Konjic,A beautiful 17th-century Ottoman bridge that connects the two banks of the Neretva.,Monument,Ottoman,43.6517,17.9614,"bridge, Konjic, Neretva, Ottoman",All year,30 min,B,The bridge was destroyed by the retreating German army in 1945 and rebuilt in 2009.,https://en.wikipedia.org/wiki/Stari_most_u_Konjicu,konjic old bridge,Herzegovina
Tito's Bunker (ARK D-0),Konjic,A secret nuclear bunker built to protect Yugoslav leader Josip Broz Tito and 350 others.,Museum,Yugoslavia,43.6339,17.9897,"Cold War, bunker, secret, Tito, Yugoslavia",All year,2 hours,B,"It remained a state secret for decades, known only to a handful of high-ranking officials.",https://en.wikipedia.org/wiki/ARK_D-0,tito's bunker (ark d-0),Herzegovina
Fethija Mosque,Bihać,"Originally built as a Catholic church in 1266, it was converted into a mosque in 1592.",Religious Site,Gothic/Ottoman,44.8114,15.8686,"mosque, church, Gothic, history, Bihać",All year,45 min,B,It is one of the few examples of Gothic architecture that was preserved in Bosnia.,https://en.wikipedia.org/wiki/Fethija_Mosque_(Bihać),fethija mosque,Krajina
Gradačac Fortress (Gradina),Gradačac,"The fortress of Husein Kapetan Gradaščević, known as the 'Dragon of Bosnia'.",Fortress,Ottoman,44.8797,18.4286,"castle, Dragon of Bosnia, history, tower",Spring-Autumn,1.5 hours,B,The 18-meter high watchtower offers a panoramic view of the entire Posavina region.,https://en.wikipedia.org/wiki/Gradačac_Fortress,gradačac  (gradina),Northern Bosnia
Travnik Fortress (Stari Grad),Travnik,A medieval fortress that became a center of Ottoman administration for the Viziers.,Fortress,Medieval/Ottoman,44.2289,17.6719,"castle, Viziers, history, Travnik",All year,1 hour,A,Travnik was the capital of the Ottoman governors (Viziers) of Bosnia for 150 years.,https://en.wikipedia.org/wiki/Travnik_Fortress,travnik  (stari grad),Central Bosnia
Birth House of Ivo Andrić,Travnik,A museum dedicated to the Nobel Prize-winning author of 'The Bridge on the Drina'.,Museum,Ottoman,44.2267,17.6667,"literature, museum, Nobel, Andrić",All year,1 hour,B,The museum showcases the authentic interior of a 19th-century Bosnian house.,https://en.wikipedia.org/wiki/Ivo_Andrić,birth house of ivo andrić,Central Bosnia
Trebinje Old Town (Kastel),Trebinje,"The historic walled center of Trebinje, located on the banks of the Trebišnjica river.",Old Town,Ottoman,42.7117,18.3456,"old town, river, Trebinje, architecture",Summer,2 hours,A,Trebinje is often called the 'City of Sun and Plane Trees'.,https://en.wikipedia.org/wiki/Trebinje,trebinje old town (kastel),Herzegovina
Arslanagić Bridge,Trebinje,"A 16th-century Ottoman bridge, moved stone by stone from its original location due to a dam.",Monument,Ottoman,42.7153,18.3564,"bridge, Trebinje, engineering, history",All year,30 min,B,The bridge was relocated in 1972 to save it from the rising waters of a hydroelectric lake.,https://en.wikipedia.org/wiki/Arslanagić_Bridge,arslanagić bridge,Herzegovina
War Tunnel Museum (Tunel Spasa),Sarajevo,The secret underground tunnel that kept Sarajevo supplied during the 1990s siege.,Museum,Modern,43.82,18.3283,"war, siege, tunnel, history, Sarajevo",All year,1.5 hours,A,"The tunnel was the only way for food and medicine to enter the city during the 1,425-day siege.",https://en.wikipedia.org/wiki/Sarajevo_Tunnel,war tunnel museum (tunel spasa),Sarajevo Region
Latin Bridge,Sarajevo,An Ottoman bridge where the assassination of Archduke Franz Ferdinand took place in 1914.,Monument,Ottoman,43.8578,18.4289,"bridge, WWI, history, Sarajevo",All year,30 min,A,This site is widely considered the location where World War I was triggered.,https://en.wikipedia.org/wiki/Latin_Bridge,latin bridge,Sarajevo Region
Gazi Husrev-beg Mosque,Sarajevo,The largest historical mosque in Bosnia and Herzegovina and one of the most representative Ottoman structures in the Balkans.,Religious Site,Ottoman,43.8591,18.429,"mosque, Ottoman, religion, architecture",All year,1 hour,A,It was the first mosque in the world to receive electric lighting for its interior.,https://en.wikipedia.org/wiki/Gazi_Husrev-beg_Mosque,gazi husrev-beg mosque,Sarajevo Region
Srebrenica-Potočari Memorial,Srebrenica,A memorial and cemetery complex for the victims of the 1995 Srebrenica genocide.,Memorial,Modern,44.1581,19.3,"memorial, genocide, history, war",All year,2-3 hours,A,"The memorial contains the names of over 8,000 victims of the genocide.",https://en.wikipedia.org/wiki/Srebrenica-Potočari_Memorial_Center,srebrenica-potočari memorial,Eastern Bosnia
National Museum of Bosnia and Herzegovina,Sarajevo,"The oldest modern cultural institution in the country, housing the famous Sarajevo Haggadah.",Museum,Austro-Hungarian,43.855,18.4022,"museum, Haggadah, archeology, history",All year,2-3 hours,A,The Sarajevo Haggadah is a 14th-century illuminated manuscript and one of the most valuable items in the museum.,https://en.wikipedia.org/wiki/National_Museum_of_Bosnia_and_Herzegovina,national museum of bosnia and herzegovina,Sarajevo Region
Prokoško Lake Katuni,Fojnica,"High-altitude shepherd settlements around a glacial lake, showcasing traditional livestock farming.",Cultural Village,Traditional,43.9583,17.7514,"lake, village, hiking, tradition, mountains",Summer,4 hours,B,"The lake is home to the endemic Triton (Triturus alpestris reiseri), a rare amphibian.",https://en.wikipedia.org/wiki/Prokoško_Lake,prokoško lake katuni,Central Bosnia
Umoljani Village,Bjelašnica,An ancient mountain village with a dragon legend and unique stone architecture.,Cultural Village,Medieval,43.6672,18.2258,"hiking, legend, village, dragon, Bjelašnica",Spring-Autumn,3 hours,C,A rock formation above the village is said to be the petrified tail of a legendary dragon.,https://en.wikipedia.org/wiki/Umoljani,umoljani village,Herzegovina
Boljuni Stećci Necropolis,Stolac,A significant medieval necropolis with high artistic value in its tombstone carvings.,National Monument,Medieval,43.0306,17.8822,"stećci, medieval, history, Stolac",Spring-Autumn,1 hour,C,The site has the highest number of inscriptions among all medieval necropolises in Bosnia.,https://en.wikipedia.org/wiki/Boljuni,boljuni stećci necropolis,Herzegovina
St. Anthony of Padua Monastery,Banja Luka/Petrićevac,A significant Catholic monastery that was visited by Pope John Paul II in 2003.,Religious Site,Modern,44.7864,17.1714,"church, monastery, Catholic, Banja Luka",All year,1 hour,B,The monastery was completely destroyed in 1995 and subsequently rebuilt as a modern architectural piece.,https://en.wikipedia.org/wiki/Petrićevac,st. anthony of padua monastery,Northern Bosnia
Ferhadija Mosque,Banja Luka,"A masterpiece of Ottoman architecture, destroyed in 1993 and painstakingly reconstructed stone by stone.",Religious Site,Ottoman,44.7675,17.1867,"mosque, architecture, restoration, Banja Luka",All year,1 hour,A,"The reconstruction used as many of the original stone fragments as possible, fished out of the river.",https://en.wikipedia.org/wiki/Ferhadija_Mosque_(Banja_Luka),ferhadija mosque,Northern Bosnia
Atik Mosque,Bijeljina,"One of the oldest mosques in Semberija, featuring a unique wooden minaret in its history.",Religious Site,Ottoman,44.7578,19.2197,"mosque, Bijeljina, Ottoman, history",All year,30 min,B,The site also houses several old gravestones (nišani) of significant historical families.,https://en.wikipedia.org/wiki/Atik_Mosque,atik mosque,Northern Bosnia
Livno Wild Horses Plateau,Livno,"A plateau where hundreds of wild horses roam freely, a unique cultural-natural phenomenon.",Hidden Gem,Modern,43.8322,17.1111,"horses, nature, plateau, Livno",Spring-Autumn,3-4 hours,C,The horses are descendants of domestic animals left behind when tractors replaced them in the 1970s.,https://en.wikipedia.org/wiki/Wild_horses_of_Livno,livno wild horses plateau,Central Bosnia
Tvrđava Maglaj,Maglaj,A medieval fortress built on a high rock above the Bosna river.,Fortress,Medieval,44.5458,18.1039,"castle, Maglaj, history, defense",Spring-Autumn,1 hour,B,The fortress has a distinctive triangular layout adapted to the shape of the rock it sits on.,https://en.wikipedia.org/wiki/Maglaj_Fortress,maglaj,Central Bosnia
Sarajevo Spite House (Inat kuća),Sarajevo,A house moved stone by stone from one side of the river to the other to make room for the City Hall.,Building,Ottoman/Austro-Hungarian,43.8589,18.4328,"house, Sarajevo, legend, tradition",All year,1 hour,A,The house remains a symbol of Bosnian defiance and stubbornness against authority.,https://en.wikipedia.org/wiki/Inat_kuća,sarajevo spite house (inat kuća),Sarajevo Region
Prusac (Ajvatovica),Donji Vakuf,"The site of the largest Muslim pilgrimage in Europe, celebrating a 500-year-old legend.",Religious Site,Ottoman,44.0933,17.3886,"pilgrimage, tradition, forest, religion",Summer,2 hours,B,"According to legend, Ajvaz Dedo prayed for 40 days for water until a massive rock split in half.",https://en.wikipedia.org/wiki/Ajvatovica,prusac (ajvatovica),Central Bosnia
Buna Canals (Bunski Kanali),Mostar,"A natural phenomenon where the Buna river flows into the Neretva through narrow, sculpted channels.",Hidden Gem,Natural,43.2389,17.8361,"river, nature, Mostar, water",Summer,1 hour,C,It is one of the most beautiful natural river junctions in the Balkans but remains largely unknown to tourists.,https://en.wikipedia.org/wiki/Bunski_kanali,buna canals (bunski kanali),Herzegovina
Jewish Cemetery,Sarajevo,"The second largest Jewish burial ground in Europe, after the one in Prague.",National Monument,Medieval/Modern,43.8503,18.4069,"cemetery, Jewish, history, UNESCO nominee",All year,1 hour,B,The cemetery features unique 'Sarajevo-style' tombstones that resemble medieval stećci.,"https://en.wikipedia.org/wiki/Jewish_Cemetery,_Sarajevo",jewish cemetery,Sarajevo Region
Kulen Vakuf Fortress (Ostrovica),Kulen Vakuf,A massive medieval fortress overlooking the Una river valley in the Una National Park.,Fortress,Medieval,44.5611,16.0861,"castle, Una, nature, history",Summer,1.5 hours,C,The fortress was a key strategic point between the Ottoman and Austro-Hungarian empires.,https://en.wikipedia.org/wiki/Ostrovica_Castle,kulen vakuf  (ostrovica),Krajina
Roman Bridge at Plandište,"Ilidža, Sarajevo",A bridge built in the 16th century using authentic Roman stone blocks from nearby ruins.,Monument,Ottoman,43.8294,18.2708,"bridge, Roman, history, Ilidža",All year,30 min,B,"Despite its name, the bridge is Ottoman, but it gets the name from the Roman stones used in its construction.",https://en.wikipedia.org/wiki/Roman_Bridge_in_Ilidža,roman bridge at plandište,Central Bosnia
Husein-kapetan Gradaščević House,Gradačac,The family home of the leader of the Bosnian uprising against the Ottoman Empire.,National Monument,Ottoman,44.8814,18.43,"history, Gradačac, architecture, hero",All year,1 hour,B,The interior is preserved with authentic 19th-century furniture and personal belongings of the Captain.,https://en.wikipedia.org/wiki/Husein_Gradaščević,husein-kapetan gradaščević house,Northern Bosnia
Tešanj Clock Tower,Tešanj,One of the few clock towers in Bosnia that still keeps accurate time for the local community.,Monument,Ottoman,44.6117,17.9867,"clock tower, Tešanj, history, landmark",All year,15 min,B,The tower has survived several major fires and wars throughout its 300-year history.,https://en.wikipedia.org/wiki/Tešanj,tešanj clock tower,Northern Bosnia
Zavala Monastery,Ravno,"A Serbian Orthodox monastery carved into a cliff, dating back to the 9th century according to legend.",Religious Site,Medieval,42.8483,17.9789,"monastery, Orthodox, cliff, history",All year,1 hour,C,"The monastery is located at the edge of Popovo Polje, one of the largest karst fields in the world.",https://en.wikipedia.org/wiki/Zavala_Monastery,zavala monastery,Herzegovina
Srebrenik Old Town,Srebrenik,The ruins of the old administrative center surrounding the famous Srebrenik fortress.,Historical Site,Medieval/Ottoman,44.704,18.5215,"ruins, history, Srebrenik, town",Spring-Summer,1 hour,C,Excavations have revealed several layers of habitation dating back to the prehistoric era.,https://en.wikipedia.org/wiki/Srebrenik_Fortress,srebrenik old town,Northern Bosnia
Livno Dumana Spring,Livno,A karst spring of the river Bistrica located at the foot of the Bašajkovac hill.,Hidden Gem,Natural/Cultural,43.8297,17.0097,"spring, river, nature, Livno",All year,45 min,C,The site features a stone bridge from the Ottoman period that frames the rushing water.,https://en.wikipedia.org/wiki/Livno,livno dumana spring,Central Bosnia
Musić Begovina,Stolac,A residential complex showcasing the high-style living of 19th-century Bosnian nobility.,National Monument,Ottoman,43.0833,17.9583,"architecture, house, Stolac, nobility",Spring-Summer,1 hour,C,It is one of the best examples of the residential culture of the Ottoman era in Herzegovina.,https://en.wikipedia.org/wiki/Stolac,musić begovina,Herzegovina
Vranduk Fortress,Zenica,"A medieval table-fortress located on a hill above the Bosna river, once a residence of kings.",Fortress,Medieval,44.2925,17.9042,"castle, medieval, kings, Zenica, defense",Spring-Summer,1 hour,B,Vranduk is known as the 'Gate of Bosnia' because it controlled the main north-south valley.,https://en.wikipedia.org/wiki/Vranduk_Fortress,vranduk,Central Bosnia
Old Town Stolac (Vidoški),Stolac,"A massive stone fortress with 13 towers, one of the largest in Bosnia and Herzegovina.",Fortress,Medieval/Ottoman,43.0831,17.9547,"castle, Stolac, fortification, panoramic",All year,2 hours,B,The fortress sits on a site that has been fortified since the Illyrian and Roman times.,https://en.wikipedia.org/wiki/Stolac_Fortress,old town stolac (vidoški),Herzegovina
Sokolac Fortress,Bihać,A unique medieval tower perched on a steep hill overlooking the Una river valley.,Fortress,Medieval,44.7861,15.8953,"tower, Bihać, Una, medieval, photography",Spring-Autumn,1 hour,C,The fortress was a key strategic point for the Frankopan family during the medieval era.,https://en.wikipedia.org/wiki/Sokolac_Fortress,sokolac,Krajina
Vrelo Bosne,"Ilidža, Sarajevo","The source of the Bosna river, featuring a park with thermal springs and Austro-Hungarian bridges.",Natural/Cultural,Austro-Hungarian,43.8197,18.2694,"nature, park, river, Sarajevo, family",Spring-Summer,2-3 hours,A,Visitors often arrive via a 3.5 km long alley of plane and chestnut trees in horse-drawn carriages.,https://www.tripadvisor.com/Attraction_Review-g294451-d450125,vrelo bosne,Central Bosnia
Herceg Stjepan Fortress,Blagaj,"The ruins of a fortress once belonging to the Duke of St. Sava, overlooking the Blagaj Tekke.",Fortress,Medieval,43.2597,17.8914,"castle, Blagaj, history, panoramic, Duke Stjepan",Spring-Autumn,1.5 hours,B,"It was the seat of the Kosača noble family, who gave the region of Herzegovina its name.",https://en.wikipedia.org/wiki/Blagaj_Fortress,herceg stjepan,Herzegovina
Bijela Tabija (White Fortress),Sarajevo,"A national monument overlooking the city, part of the old Vratnik walled city.",Fortress,Ottoman,43.8617,18.4433,"viewpoint, Sarajevo, fortification, sunset",All year,1 hour,A,It offers one of the best panoramic views of Sarajevo's skyline and the Miljacka canyon.,https://en.wikipedia.org/wiki/Vratnik,bijela tabija (white ),Sarajevo Region
Žuta Tabija (Yellow Bastion),Sarajevo,An 18th-century cannon fortress that served as a key point in the city's defense.,Fortress,Ottoman,43.8606,18.4386,"viewpoint, Ramadan, history, Sarajevo",Spring-Summer,45 min,A,"During Ramadan, a cannon is fired from here to mark the time for Iftar (breaking the fast).",https://en.wikipedia.org/wiki/Yellow_Bastion,žuta tabija (yellow bastion),Sarajevo Region
Završje Old Town,Glamoč/Livno,A lesser-known fortified settlement from the medieval and Ottoman periods.,Hidden Gem,Medieval/Ottoman,44.0458,16.8489,"ruins, mystery, remote, heritage",Spring-Autumn,1 hour,C,This site is part of a series of fortifications that defended the western borders of the Bosnian kingdom.,https://en.wikipedia.org/wiki/Glamoč,završje old town,Central Bosnia
Atmejdan Park & Archeological Site,Sarajevo,An urban park containing the ruins of the 16th-century Bakr-Baba Mosque and a traditional madrasa.,Archeological Site,Ottoman,43.8572,18.4303,"park, ruins, Sarajevo, history",All year,30 min,B,"The name 'Atmejdan' literally means 'Horse Square' in Turkish, as it was a horse market.",https://en.wikipedia.org/wiki/Atmejdan,atmejdan park & archeological site,Sarajevo Region
Museum of the Jews of BiH,Sarajevo,"Located in the oldest synagogue in Sarajevo (Old Temple), showcasing 450 years of Jewish history.",Museum,Ottoman,43.8594,18.4281,"Jewish, synagogue, history, Sarajevo, museum",All year,1 hour,B,The museum is housed in a building from 1581 that survived multiple fires and wars.,https://en.wikipedia.org/wiki/Museum_of_the_Jews_of_Bosnia_and_Herzegovina,museum of the jews of bih,Sarajevo Region
Franciscan Monastery Museum Fojnica,Fojnica,"Home to the Ahdnama, a 15th-century document granting religious freedom to Franciscans.",Museum,Medieval/Ottoman,43.9575,17.9022,"monastery, history, Ahdnama, Fojnica",All year,1.5 hours,B,"The Ahdnama is one of the oldest human rights documents in the Balkans, issued by Mehmed the Conqueror.",https://en.wikipedia.org/wiki/Fojnica_Franciscan_Monastery,franciscan monastery museum fojnica,Central Bosnia
Museum of Old Orthodox Church,Sarajevo,A 16th-century church containing a world-class collection of icons and liturgical objects.,Religious Site,Ottoman,43.8603,18.4308,"church, Orthodox, icons, Sarajevo, history",All year,1 hour,B,"The church is unique for its architectural plan, which is much wider than it is long.","https://en.wikipedia.org/wiki/Old_Orthodox_Church,_Sarajevo",museum of old orthodox church,Sarajevo Region
Bijambare Caves and Park,Ilijaš,A protected landscape featuring five caves and high mountain meadows.,Natural/Cultural,Ancient,44.0911,18.5022,"caves, nature, park, hiking, Sarajevo",Spring-Autumn,2-3 hours,B,"The 'Main Cave' is known for its incredible natural acoustics, often called the Music Hall.",https://www.tripadvisor.com/Attraction_Review-g294451-d3527756,bijambare caves and park,Central Bosnia
Stara Pravoslavna Crkva,Mostar,"A 19th-century Orthodox church overlooking the city, rebuilt after being destroyed in 1992.",Religious Site,Austro-Hungarian,43.3428,17.8189,"church, Orthodox, Mostar, view",All year,45 min,B,The original church was a symbol of Mostar’s multicultural landscape before the war.,https://en.wikipedia.org/wiki/Mostar,stara pravoslavna crkva,Herzegovina
Andrićgrad (Višegrad),Višegrad,"A cultural complex dedicated to Ivo Andrić, designed by filmmaker Emir Kusturica.",Cultural Village,Modern,43.7856,19.2922,"architecture, cinema, Andrić, Drina, tourism",All year,2 hours,A,The 'city' is built from stone to resemble a medieval town that never actually existed.,https://en.wikipedia.org/wiki/Andrićgrad,andrićgrad (višegrad),Eastern Bosnia
Musić-begovina House,Stolac,An architectural complex representing the lifestyle of the Musić family in the 19th century.,National Monument,Ottoman,43.0842,17.9603,"nobility, Stolac, architecture, heritage",Spring-Summer,1 hour,C,The house is a key example of the Mediterranean-influenced Ottoman residential style.,http://kons.gov.ba/,musić-begovina house,Herzegovina
Stećci Necropolis Bijača,Ljubuški,A small but significant necropolis of medieval tombstones near the border with Croatia.,National Monument,Medieval,43.1256,17.5542,"stećci, Ljubuški, UNESCO, history",All year,45 min,C,It is one of the 28 sites inscribed on the UNESCO World Heritage list of Stećci.,https://whc.unesco.org/en/list/1504,stećci necropolis bijača,Herzegovina
Fortress of Bočac,Mrkonjić Grad,Ruins of a medieval fortress perched on a cliff above the Vrbas river canyon.,Fortress,Medieval,44.5167,17.1667,"castle, Vrbas, canyon, hiking, ruins",Spring-Autumn,1 hour,C,The fortress guarded the strategic crossing of the Vrbas river toward the south.,https://en.wikipedia.org/wiki/Bočac_Fortress,of bočac,Central Bosnia
Museum of Woodcarving,Konjic,"The Mulić’s Record museum, keeping the UNESCO-protected woodcarving tradition alive.",Museum,Modern,43.6525,17.9628,"woodcarving, UNESCO, Konjic, crafts",All year,1 hour,B,Konjic woodcarving was officially inscribed on the UNESCO Intangible Cultural Heritage list in 2017.,https://ich.unesco.org/en/RL/konjic-woodcarving-01288,museum of woodcarving,Herzegovina
Srebrenica Old Town,Srebrenica,"Not the fortress, but the ruins of the medieval silver mining town that once rivaled Dubrovnik.",Hidden Gem,Medieval,44.1039,19.2981,"silver, mining, ruins, history",Spring-Autumn,1 hour,C,"During the 14th century, this was one of the most prosperous economic centers in the Balkans.",https://en.wikipedia.org/wiki/Srebrenica,srebrenica old town,Eastern Bosnia
Pocitelj Sahat-kula (Clock Tower),Počitelj,The stone clock tower that dominates the skyline of the historic town of Počitelj.,Monument,Ottoman,43.1347,17.7322,"tower, Počitelj, view, landmark",All year,30 min,A,"Unlike most Bosnian clock towers, this one does not have a clock face, as bells were used to tell time.",https://en.wikipedia.org/wiki/Počitelj,pocitelj sahat-kula (clock tower),Herzegovina
Hamam in Stolac,Stolac,"The remains of a 16th-century public bathhouse, showcasing Ottoman hydraulic engineering.",National Monument,Ottoman,43.0839,17.9594,"bath, Stolac, architecture, engineering",Spring-Summer,30 min,C,The Silahdar Husein-pasha hamam is one of the few preserved public baths in Herzegovina.,http://kons.gov.ba/,hamam in stolac,Herzegovina
Despić House,Sarajevo,"A house belonging to a wealthy Orthodox family, showcasing the birth of theater in the city.",Museum,Ottoman/Austro-Hungarian,43.8581,18.4272,"theater, history, Sarajevo, traditional",All year,1 hour,B,The first theater performances in Sarajevo were held in the large hall of this house.,https://en.wikipedia.org/wiki/Despić_House,despić house,Sarajevo Region
Hadži Ali-bey Mosque,Travnik,"A unique mosque in Travnik with a sundial on its wall, still functional today.",Religious Site,Ottoman,44.2275,17.6681,"mosque, sundial, Travnik, history",All year,30 min,B,It is the only mosque in Bosnia and Herzegovina that possesses a functional vertical sundial.,https://en.wikipedia.org/wiki/Travnik,hadži ali-bey mosque,Central Bosnia
Svrzo's House,Sarajevo,The most preserved example of a wealthy Ottoman-style merchant house in Sarajevo.,Museum,Ottoman,43.8614,18.43,"house, museum, Sarajevo, lifestyle",All year,1 hour,A,The house is divided into 'Selamluk' (public area) and 'Haremluk' (private family area).,https://en.wikipedia.org/wiki/Svrzo's_House,svrzo's house,Sarajevo Region
Muslibegović House,Mostar,A national monument and luxury hotel that preserves the layout of a 19th-century noble house.,Museum,Ottoman,43.3425,17.8139,"house, Mostar, heritage, luxury",All year,1 hour,B,It is often cited as one of the most beautiful examples of Ottoman residential architecture in the Balkans.,https://en.wikipedia.org/wiki/Muslibegović_House,muslibegović house,Herzegovina
Trebinje Clock Tower,Trebinje,An 18th-century tower built by the Hadžismatović family in the center of the Old Town.,Monument,Ottoman,42.7119,18.3458,"clock tower, Trebinje, landmark, history",All year,15 min,B,The tower was built using the famous local Herzegovina limestone.,https://en.wikipedia.org/wiki/Trebinje,trebinje clock tower,Herzegovina
Tvrđava Bužim,Bužim,A Renaissance-style fortress and the old town of the noble Frankopan family.,Fortress,Medieval/Ottoman,45.0522,16.0311,"castle, Bužim, history, border",Spring-Autumn,1 hour,C,It is one of the few fortresses in Bosnia with a clear Renaissance polygonal bastioned layout.,https://en.wikipedia.org/wiki/Bužim,bužim,Krajina
Ostrovica Castle,Kulen Vakuf,"A massive fortification on a hill above Kulen Vakuf, offering a bird's eye view of the Una.",Fortress,Medieval,44.5622,16.0847,"castle, Una, Kulen Vakuf, viewpoint",Summer,2 hours,C,The castle was a key stronghold for the Bosnian kingdom against Hungarian expansion.,https://en.wikipedia.org/wiki/Ostrovica_Castle,ostrovica castle,Krajina
Kraljeva Sutjeska Library,Kakanj,A monastery library containing 31 incunabula (books printed before 1501).,Museum,Medieval,44.1206,18.2011,"books, history, library, monastery",All year,1 hour,B,It is the most important collection of medieval and early modern books in the country.,https://en.wikipedia.org/wiki/Kraljeva_Sutjeska,kraljeva sutjeska library,Central Bosnia
Djevojačka Pećina (Maiden's Cave),Kladanj,A cave with prehistoric carvings and a legend about a brave young girl.,Hidden Gem,Prehistoric/Medieval,44.2267,18.6833,"cave, legend, carvings, hiking",Spring-Summer,1.5 hours,C,"Every August, thousands of people visit the cave for a traditional prayer meeting.",https://www.atlasobscura.com/places/djevojacka-pecina-maidens-cave,djevojačka pećina (maiden's cave),Central Bosnia
Vraca Memorial Park,Sarajevo,A WWII memorial complex built on the site of an Austro-Hungarian fortress.,Yugoslav Monument,Yugoslavia,43.8447,18.4019,"WWII, brutalism, Sarajevo, memorial",All year,1 hour,B,"The names of over 11,000 victims of WWII are inscribed on the stone walls of the park.",https://en.wikipedia.org/wiki/Vraca_Memorial_Park,vraca memorial park,Sarajevo Region
History Museum of BiH,Sarajevo,"A museum focused on the 20th-century history of Bosnia, including a permanent exhibit on the Siege.",Museum,Yugoslavia/Modern,43.8547,18.4008,"war, history, Sarajevo, Yugoslavia",All year,1.5 hours,B,"The museum building is a masterpiece of Yugoslav modernist architecture, despite its battle-scarred exterior.",https://en.wikipedia.org/wiki/Historical_Museum_of_Bosnia_and_Herzegovina,history museum of bih,Sarajevo Region
Jewish Museum of Mostar,Mostar,A small community-run museum located in the reconstructed synagogue of Mostar.,Museum,Modern,43.3414,17.8117,"Jewish, Mostar, history, culture",All year,45 min,C,The museum tells the story of Mostar's Sephardic Jewish community which was almost wiped out in WWII.,https://en.wikipedia.org/wiki/Mostar,jewish museum of mostar,Herzegovina
Krušnica River Source,Bosanska Krupa,A stunning karst spring accessible only by boat or hiking through the forest.,Hidden Gem,Natural/Cultural,44.8611,16.1722,"river, nature, boat, Krupa, hidden",Summer,2 hours,C,The water at the source is so pure that it is bottled directly by local residents.,https://www.tripadvisor.com/Attraction_Review-g1153835-d8508932,krušnica river source,Krajina
Old Bridge of Višegrad (Arada),Višegrad,The remains of an even older bridge near the famous Mehmed Paša bridge.,Hidden Gem,Ottoman,43.7831,19.2889,"ruins, history, Višegrad, Drina",Summer,30 min,C,Local legends say this older crossing was used by caravans long before Sinan built the grand bridge.,https://en.wikipedia.org/wiki/Višegrad,old bridge of višegrad (arada),Eastern Bosnia
Sinan-Begova Mosque,Čajniče,An 16th-century architectural gem known for its unique stone carvings and history.,Religious Site,Ottoman,43.5575,19.0719,"mosque, architecture, history, Čajniče",All year,45 min,C,It was one of the most beautiful mosques in eastern Bosnia before its destruction and recent reconstruction.,http://kons.gov.ba/,sinan-begova mosque,Herzegovina
Stećci Necropolis Mramorje,Perućac/Višegrad,A medieval cemetery located on the banks of the Drina river.,National Monument,Medieval,43.9667,19.4167,"UNESCO, stećci, river, history",All year,1 hour,C,The site is part of the trans-border UNESCO protection of medieval tombstones.,https://whc.unesco.org/en/list/1504,stećci necropolis mramorje,Eastern Bosnia
Fortress of Ključ,Ključ,A large fortress on a cliff above the Sana river where the last Bosnian king was captured.,Fortress,Medieval,44.5333,16.7833,"castle, king, history, Sana",Spring-Autumn,1.5 hours,B,It was here that King Stjepan Tomašević surrendered to the Ottoman Sultan Mehmed II in 1463.,https://en.wikipedia.org/wiki/Ključ_Fortress,of ključ,Central Bosnia
Srebrenik Fortress,Srebrenik,"One of the best-preserved medieval castles in BiH, perched on a massive rock.",Fortress,14th century,44.7031,18.5308,"fortress, medieval, castle",All Year,1.5 hours,B,"It was the historical seat of Ban Stjepan II Kotromanić, who issued a famous charter here in 1333.",https://en.wikipedia.org,srebrenik,Northern Bosnia
Ostrožac Castle,Cazin,A unique castle featuring both a medieval fortress and a 19th-century Habsburg-style wing.,Fortress,16th-19th century,44.9042,15.9375,"castle, architecture, habsburg",All Year,2 hours,B,It houses a unique outdoor sculpture garden within the walls.,https://en.wikipedia.org,ostrožac castle,Krajina
Štrbački Buk,Bihać,The highest and most spectacular waterfall on the Una River.,Natural,Unknown,44.6564,16.0111,"waterfall, una, nature",Summer,3 hours,A,Located within the Una National Park on the border with Croatia.,https://en.wikipedia.org,štrbački buk,Krajina
Martin Brod,Bihać,A complex of waterfalls and ancient watermills at the confluence of Una and Unac.,Natural,Unknown,44.4897,16.1425,"waterfall, river, mills",Spring-Summer,2 hours,B,Famous for its traditional wool-washing 'natural washing machines'.,https://en.wikipedia.org,martin brod,Krajina
Prokoško Lake,Fojnica,A glacial lake surrounded by traditional wooden shepherd huts on Vranica mountain.,Natural/Village,Unknown,43.9583,17.7511,"lake, mountain, ethno",Summer,4 hours,B,Home to the endemic Triton (Triturus alpestris reiseri) salamander.,https://en.wikipedia.org,prokoško lake,Central Bosnia
Doboj Fortress,Doboj,A strategic medieval fortress guarding the Bosna river valley.,Fortress,13th century,44.7333,18.0833,"fortress, gradina, history",All Year,1 hour,B,It has been destroyed and rebuilt over 20 times throughout history.,https://en.wikipedia.org/wiki/Doboj_Fortress,doboj,Northern Bosnia
Gradačac Castle,Gradačac,Features the famous 'Dragon of Bosnia' tower overlooking the town.,Fortress,18th century,44.8789,18.4289,"castle, ottoman, history",All Year,1.5 hours,B,"Built by Husein-kapetan Gradaščević, a leader of the Bosnian autonomy movement.",https://en.wikipedia.org/wiki/Gradačac_Castle,gradačac castle,Northern Bosnia
Travnik Fortress,Travnik,Medieval fortress in the heart of the former capital of Bosnian Viziers.,Fortress,15th century,44.2289,17.6714,"viziers, fortress, history",All Year,1.5 hours,A,The only fortress in the country with a clock tower built inside.,https://en.wikipedia.org/wiki/Travnik_Fortress,travnik,Central Bosnia
Šarena Džamija,Travnik,Known as the 'Painted Mosque' due to its unique floral exterior murals.,Religious,16th century,44.2264,17.6667,"mosque, art, ottoman",All Year,0.5 hours,A,It is one of the very few mosques globally with a market (bezistan) inside its ground floor.,https://en.wikipedia.org/wiki/Šarena_Džamija,šarena džamija,Central Bosnia
Panonska Jezera,Tuzla,"Artificial salt lakes located in the city center, unique in Europe.",Natural/Rec,21st century,44.5383,18.675,"salt lake, swimming, tuzla",Summer,4 hours,A,The salt is pumped from natural underground deposits under the city.,https://en.wikipedia.org/wiki/Pannonian_Lakes,panonska jezera,Central Bosnia
Mariastern Abbey,Banja Luka,Trappist monastery famous for its unique cheese production.,Religious,19th century,44.8058,17.2158,"monastery, trappist, cheese",All Year,1 hour,B,It was once the only Trappist monastery in Southeastern Europe.,https://en.wikipedia.org/wiki/Mariastern_Abbey,mariastern abbey,Northern Bosnia
Krupa na Vrbasu,Banja Luka,Natural area with cascades and ancient watermills near a medieval monastery.,Natural,Unknown,44.6186,17.1389,"waterfall, mills, nature",All Year,2 hours,B,Famous for its wood-shingle mills that are still operational.,https://en.wikipedia.org/wiki/Krupa_na_Vrbasu,krupa na vrbasu,Northern Bosnia
Zelengora Lakes,Sutjeska NP,A series of 8 glacial lakes known as 'Mountain Eyes'.,Natural,Unknown,43.3458,18.575,"lake, hiking, nature",Summer,6 hours,C,Considered by many to be the most beautiful mountain in the Dinarides.,https://en.wikipedia.org/wiki/Zelengora,zelengora lakes,Herzegovina
Perućica Forest,Sutjeska NP,One of the two last remaining primeval forests in Europe.,Natural,Prehistoric,43.35,18.7,"forest, nature, unesco",Summer,5 hours,B,"Includes the 75-meter high Skakavac waterfall, hidden deep in the forest.",https://en.wikipedia.org/wiki/Perućica,perućica forest,Herzegovina
Tvrdoš Monastery,Trebinje,15th-century Orthodox monastery famous for its wine cellars.,Religious,15th century,42.7164,18.2867,"monastery, wine, orthodox",All Year,1 hour,A,Built on the foundations of a 4th-century Roman church.,https://en.wikipedia.org/wiki/Tvrdoš_Monastery,tvrdoš monastery,Herzegovina
Žitomislić Monastery,Mostar,One of the most important Orthodox monasteries in Herzegovina.,Religious,16th century,43.2039,17.7817,"monastery, history, orthodox",All Year,1 hour,B,Known for its museum of icons and manuscripts.,https://en.wikipedia.org/wiki/Žitomislić_Monastery,žitomislić monastery,Herzegovina
Bliha Falls,Sanski Most,A stunning 56-meter waterfall where the river falls over a vertical cliff.,Natural,Unknown,44.7867,16.5414,"waterfall, nature, sanski most",All Year,1 hour,B,The waterfall is also known as 'Blihin Skakavac'.,https://en.wikipedia.org/wiki/Bliha_Falls,bliha falls,Krajina
Hutovo Blato,Čapljina,"A nature reserve and bird sanctuary, one of the largest in the Balkans.",Natural,Unknown,43.05,17.7833,"birds, marsh, safari",Spring/Summer,3 hours,B,It is a major wintering ground for over 240 species of migratory birds.,https://en.wikipedia.org/wiki/Hutovo_Blato,hutovo blato,Herzegovina
Japodski Otoci,Bihać,A unique eco-tourism site consisting of river islands shaped like a heart.,Natural/Rec,Unknown,44.75,15.9167,"una, islands, eco",Summer,3 hours,B,Designed to resemble an ancient Japodian settlement.,https://en.wikipedia.org/wiki/Una_National_Park,japodski otoci,Krajina
Kozara National Park,Prijedor,Site of a major WWII battle and home to a monumental memorial sculpture.,Natural/Mem,20th century,45.0139,16.8917,"wwii, memorial, mountain",All Year,3 hours,A,Known as the 'Green Heart of Krajina'.,https://en.wikipedia.org/wiki/Kozara_National_Park,kozara national park,Northern Bosnia
Hajdučka Vrata,Čvrsnica,A natural stone arch formed by wind erosion on the Čvrsnica mountain.,Natural,Unknown,43.6139,17.625,"hiking, nature, arch",Summer,7 hours,C,One of the most photographed natural landmarks for hikers in BiH.,https://en.wikipedia.org/wiki/Čvrsnica,hajdučka vrata,Herzegovina
Maglaj Fortress,Maglaj,Dominates the old town and has a unique five-sided tower.,Fortress,15th century,44.545,18.1033,"fortress, ottoman, history",All Year,1 hour,C,The fortress has a rare combination of medieval and ottoman defensive styles.,https://en.wikipedia.org/wiki/Maglaj_Fortress,maglaj,Central Bosnia
Ravne Tunnels,Visoko,Underground tunnel labyrinth located near the Bosnian Pyramids.,Archaeological,Unknown,43.9967,18.1692,"pyramid, tunnels, mystery",All Year,1.5 hours,A,Visitors claim the air in the tunnels has healing properties due to high ions.,https://en.wikipedia.org/wiki/Visoko_pyramids,ravne tunnels,Central Bosnia
Old Town Počitelj,Počitelj,An open-air museum and historic village within a walled fortress.,Historic Site,14th century,43.1333,17.7333,"ottoman, unesco, art",All Year,2 hours,A,Home to the longest-operating art colony in Southeast Europe.,https://en.wikipedia.org/wiki/Počitelj,old town počitelj,Herzegovina
Tito's Bunker,Konjic,A massive top-secret underground atomic shelter built for the Yugoslav elite.,Modern History,20th century,43.6358,17.9942,"cold war, bunker, konjic",All Year,2 hours,A,It was one of the most expensive structures built in the former Yugoslavia.,https://en.wikipedia.org/wiki/Armijska_Ratna_Komanda_D-0,tito's bunker,Herzegovina
Krug Plateau Horses,Livno,Home to over 800 wild horses roaming the high plateaus.,Natural,Unknown,43.85,17.0333,"wild horses, livno, safari",Spring/Summer,4 hours,B,One of the few places in Europe where you can see truly wild horses.,https://visit-livno.com/,krug plateau horses,Central Bosnia
Bijambare Caves,Ilijaš,A protected landscape with five caves and beautiful pine forests.,Natural,Unknown,44.0833,18.5,"cave, park, forest",All Year,2.5 hours,B,The 'Middle Cave' is famous for its acoustics and is called the Music Hall.,https://en.wikipedia.org/wiki/Bijambare,bijambare caves,Central Bosnia
Bobovac Fortress,Vareš,The seat of the Bosnian kings and the site of the royal burial chapel.,Fortress,14th century,44.1167,18.25,"kings, royalty, history",All Year,2 hours,B,It was the last place where the Bosnian royal crown was kept.,https://en.wikipedia.org/wiki/Bobovac,bobovac,Central Bosnia
Art Gallery of BiH,Sarajevo,"The oldest and most important art institution in the country, featuring over 6,000 works of art.",Museum,Austro-Hungarian,43.8586,18.4231,"art, gallery, culture, Sarajevo, paintings",All year,2 hours,B,The gallery was founded just after WWII to preserve the Bosnian artistic heritage.,https://en.wikipedia.org/wiki/Art_Gallery_of_Bosnia_and_Herzegovina,art gallery of bih,Sarajevo Region
Maculje Stećci Necropolis,Novi Travnik,A high-altitude necropolis featuring unique 'apple-shaped' tombstones.,National Monument,Medieval,44.1139,17.6144,"UNESCO, stećci, mountains, history",Spring-Autumn,1 hour,C,"It is situated at 1,200 meters above sea level, offering views of the Central Bosnian mountains.",https://whc.unesco.org/en/list/1504,maculje stećci necropolis,Central Bosnia
Fortress of Soko Grad,Gračanica/Soko,The ruins of a medieval fortress that served as a strategic watchpoint in North Bosnia.,Fortress,Medieval,44.75,18.3,"castle, ruins, defense, Gračanica",Spring-Summer,1 hour,C,The fortress was built on a steep limestone ridge that made it nearly impregnable.,https://en.wikipedia.org/wiki/Gračanica,of soko grad,Northern Bosnia
Ljubuški Fortress (Herceg Stjepan),Ljubuški,"A medieval fortress built on the Butorovica hill, later expanded by the Ottomans.",Fortress,Medieval/Ottoman,43.2031,17.4439,"castle, Ljubuški, fortification, view",All year,1 hour,B,It is the only fortress in the coastal hinterland that was never fully conquered by the Venetians.,https://en.wikipedia.org/wiki/Ljubuški_Fortress,ljubuški  (herceg stjepan),Herzegovina
St. Mary’s Church & St. Luke’s Tower,Jajce,"The coronation site of the last Bosnian king, later converted into a mosque and then ruined.",Religious Site,Medieval,44.3417,17.2692,"church, tower, coronation, history, Jajce",All year,45 min,B,St. Luke’s Tower is the only preserved medieval belfry in the mainland Balkans.,https://en.wikipedia.org/wiki/Jajce,st. mary’s church & st. luke’s tower,Central Bosnia
Church of the Holy Virgin,Čajniče,"Home to the 'Čajniče Krasnica', the only miracle-working icon of the Virgin Mary in BiH.",Religious Site,Medieval/Ottoman,43.5572,19.0722,"Orthodox, icon, pilgrimage, history",All year,1 hour,B,The icon is believed by locals to have been painted by the Apostle Luke.,https://en.wikipedia.org/wiki/Čajniče,church of the holy virgin,Herzegovina
Old Bridge in Mostar (Museum),Mostar,A museum located inside the Tara and Halebija towers of the Stari Most bridge.,Museum,Modern,43.3375,17.8153,"Mostar, bridge, history, museum, UNESCO",All year,1 hour,A,The museum includes an underground section where you can see the original 16th-century foundations.,https://www.tripadvisor.com/Attraction_Review-g295387-d1158434,old bridge in mostar (museum),Herzegovina
Necropolis Mramorje in Musići,Olovo,"A medieval cemetery with 43 tombstones, including rare gable-shaped stećci.",National Monument,Medieval,44.1278,18.5833,"stećci, UNESCO, Olovo, history",Spring-Autumn,45 min,C,"The site is surrounded by dense coniferous forests, typical of the Olovo region.",https://whc.unesco.org/en/list/1504,necropolis mramorje in musići,Central Bosnia
Fortress of Glamoč,Glamoč,A hilltop fortress featuring a unique circular 'Tabija' tower from the Ottoman period.,Fortress,Medieval/Ottoman,44.0472,16.8494,"castle, Glamoč, fortification, remote",Spring-Autumn,1 hour,C,The fortress was a vital link in the 'Kliški Sandžak' defense line against the Venetians.,https://en.wikipedia.org/wiki/Glamoč,of glamoč,Central Bosnia
Husein-Kapetan Gradaščević Mosque,Gradačac,A large mosque built by the 'Dragon of Bosnia' near his family castle.,Religious Site,Ottoman,44.8803,18.4289,"mosque, Gradačac, history, architecture",All year,45 min,B,"The mosque's minaret is 40 meters high, making it a landmark of the Posavina region.",https://en.wikipedia.org/wiki/Gradačac,husein-kapetan gradaščević mosque,Northern Bosnia
Olympic Museum,Sarajevo,A museum dedicated to the 14th Winter Olympic Games held in Sarajevo in 1984.,Museum,Modern,43.8592,18.4128,"Olympics, 1984, history, Sarajevo, sports",All year,1.5 hours,B,"The museum is housed in the Mandić villa, which was the first building destroyed during the 1992 siege.",https://en.wikipedia.org/wiki/Sarajevo_Olympic_Museum,olympic museum,Sarajevo Region
Tvrđava Soko (Šipovo),Šipovo,The remains of a medieval fortress located above the canyon of the river Sokočnica.,Fortress,Medieval,44.2833,17.0833,"castle, canyon, nature, Šipovo",Spring-Summer,1 hour,C,The fortress is mentioned in historical documents as early as 1363.,https://en.wikipedia.org/wiki/Šipovo,soko (šipovo),Central Bosnia
Brusa Bezistan,Sarajevo,"A 16th-century covered market built by Rustem-pasha, now housing part of the Sarajevo Museum.",Museum,Ottoman,43.8594,18.43,"bazaar, market, history, Sarajevo, museum",All year,1 hour,A,"The building features six large and two small domes, a classic example of Ottoman trade architecture.",https://en.wikipedia.org/wiki/Brusa_Bezistan,brusa bezistan,Sarajevo Region
Franciscan Monastery Kraljeva Sutjeska,Kakanj,"A spiritual and cultural center for centuries, holding the archives of the Bosnian state.",Religious Site,Medieval,44.1206,18.2014,"monastery, history, archive, Catholic",All year,2 hours,B,"It houses the oldest painting in Bosnia, 'The Adoration of the Magi' from the 15th century.",https://en.wikipedia.org/wiki/Kraljeva_Sutjeska,franciscan monastery kraljeva sutjeska,Central Bosnia
Hadži-Beg Fortress (Hutovo),Hutovo/Neum,"The only fortress in the Neum hinterland, once ruled by the eccentric Hadži-Beg.",Hidden Gem,Ottoman,42.9478,17.7889,"castle, Neum, history, coastal",Spring-Summer,1 hour,C,Hadži-Beg was known for his semi-independent rule and his frequent conflicts with the Vizier of Travnik.,https://en.wikipedia.org/wiki/Hutovo_fortress,hadži-beg  (hutovo),Herzegovina
Mehmed-Beg Kapetanović Tower,Ljubuški,A 19th-century residential tower built for the local captain and nobleman.,National Monument,Ottoman,43.1972,17.4472,"tower, noble, history, Ljubuški",Spring-Autumn,30 min,C,The tower is a rare surviving example of a fortified residential 'kula' in the Herzegovina region.,http://kons.gov.ba/,mehmed-beg kapetanović tower,Herzegovina
Stećci Necropolis Kalufi,Nevesinje,"The largest necropolis of stećci in Bosnia and Herzegovina, with 452 tombstones.",National Monument,Medieval,43.25,18.1167,"stećci, Nevesinje, history, heritage",Spring-Autumn,1.5 hours,C,"Despite its size, this necropolis is rarely visited due to its remote mountain location.",https://whc.unesco.org/en/list/1504,stećci necropolis kalufi,Herzegovina
Fortress of Prozor,Prozor-Rama,The ruins of a medieval fortress that guarded the passage between Central Bosnia and Herzegovina.,Fortress,Medieval,43.8208,17.6083,"castle, Prozor, ruins, history",Spring-Autumn,1 hour,C,It was a strategic stronghold for the Kotromanić royal dynasty.,https://en.wikipedia.org/wiki/Prozor-Rama,of prozor,Central Bosnia
Gazi Husrev-beg Library,Sarajevo,"One of the oldest libraries in Europe, housing over 10,000 Islamic manuscripts.",Museum,Ottoman,43.8594,18.4297,"books, library, manuscripts, Sarajevo, history",All year,1 hour,B,The library's collection was saved during the 1990s war by people hiding books in private homes.,https://en.wikipedia.org/wiki/Gazi_Husrev-beg_Library,gazi husrev-beg library,Sarajevo Region
Museum of the Second Session of AVNOJ,Jajce,The museum dedicated to the 1943 meeting where the federal state of Yugoslavia was designed.,Museum,Yugoslavia,44.3397,17.2711,"Yugoslavia, WWII, partisans, Jajce, history",All year,1 hour,B,The museum preserves the original chairs and tables used by the delegates during the 1943 meeting.,https://en.wikipedia.org/wiki/Jajce,museum of the second session of avnoj,Central Bosnia
Tvrđava Novi Grad,Novi Grad,A 19th-century fortress on the banks of the Una and Sana rivers.,Fortress,Austro-Hungarian,45.0458,16.375,"castle, Una, border, defense",All year,1 hour,B,The fortress marks the historic border point between the Ottoman and Austro-Hungarian empires.,"https://en.wikipedia.org/wiki/Novi_Grad,_Bosnia_and_Herzegovina",novi grad,Krajina
Franciscan Monastery Plehan,Derventa,"A modern monastery built on the ruins of one destroyed in 1992, featuring contemporary art.",Religious Site,Modern,44.9167,17.9833,"monastery, art, modern, Catholic, history",All year,1 hour,C,The monastery is known as the 'Religious Art Center' due to its vast collection of modern sculptures.,https://en.wikipedia.org/wiki/Plehan,franciscan monastery plehan,Northern Bosnia
Stara Čaršija u Gradačcu,Gradačac,"The old commercial heart of Gradačac, centered around the Captain’s castle.",Bazaar,Ottoman,44.8817,18.4303,"market, Gradačac, history, bazaar",All year,1 hour,B,The area still maintains the traditional 'čardak' style houses typical of northern Bosnia.,https://en.wikipedia.org/wiki/Gradačac,stara čaršija u gradačcu,Northern Bosnia
Roman Mosaic at Skelani,Srebrenica/Skelani,Extensive remains of Roman floor mosaics from a 4th-century administrative center.,Hidden Gem,Roman,43.9789,19.5167,"Roman, mosaic, archeology, Srebrenica",Spring-Summer,1.5 hours,C,The mosaics were discovered relatively recently (2008) and are some of the best-preserved in the region.,https://en.wikipedia.org/wiki/Skelani,roman mosaic at skelani,Eastern Bosnia
Fortress of Orašac,Bihać/Orašac,A small but strategically vital Ottoman-era fortress overlooking the Una river.,Fortress,Ottoman,44.6292,16.0714,"castle, Una, Bihać, history",Spring-Autumn,45 min,C,The fortress was part of the westernmost defensive ring of the Ottoman Empire.,"https://en.wikipedia.org/wiki/Orašac,_Bihać",of orašac,Krajina
Svrzo's House Annex,Sarajevo,A separate wing of the famous Svrzo's house that served as the business quarters.,Museum,Ottoman,43.8617,18.4303,"house, business, history, Sarajevo",All year,30 min,B,It demonstrates how 18th-century Bosnian merchants separated their family life from their commercial deals.,https://en.wikipedia.org/wiki/Svrzo's_House,svrzo's house annex,Sarajevo Region
Kuršumlija Madrasa,Sarajevo,"A 16th-century high school for Islamic studies, known for its lead-covered domes.",National Monument,Ottoman,43.8592,18.4294,"school, education, architecture, Sarajevo",All year,30 min,B,"The name 'Kuršumlija' comes from the Turkish word for lead (kurşun), which covers the roof.",https://en.wikipedia.org/wiki/Gazi_Husrev-beg_Madrasa,kuršumlija madrasa,Sarajevo Region
Old Town of Visoko (Čajangrad),Visoko,The ruins of a medieval fortress that guarded the central Bosnian trade routes.,Fortress,Medieval,43.9917,18.175,"castle, ruins, Visoko, kings",Spring-Autumn,1.5 hours,C,It was one of the many fortifications that formed the defense system for the royal court in Moštre.,https://en.wikipedia.org/wiki/Visoko,old town of visoko (čajangrad),Central Bosnia
Bridge on the Žepa River,Rogatica,"An Ottoman stone bridge, famously described in a short story by Ivo Andrić.",Monument,Ottoman,43.9511,19.1306,"bridge, literature, Drina, history",Summer,45 min,C,The bridge was relocated in 1966 due to the construction of a hydroelectric power plant on the Drina.,https://en.wikipedia.org/wiki/Bridge_on_Žepa,bridge on the žepa river,Eastern Bosnia
Fortress of Krupa na Uni,Bosanska Krupa,"A fortress situated on a small island in the Una river, integrated into the town.",Fortress,Medieval/Ottoman,44.8828,16.1517,"castle, river, Una, Bihać",All year,1 hour,B,The fortress walls are so close to the water that they appear to rise directly out of the Una river.,https://en.wikipedia.org/wiki/Bosanska_Krupa,of krupa na uni,Krajina
Sarajevo Clock Tower (Sahat-kula),Sarajevo,The only public clock in the world that keeps lunar time (a la turca).,Monument,Ottoman,43.8592,18.4292,"clock tower, time, Sarajevo, landmark",All year,15 min,A,The clock is set to strike 12:00 exactly at sunset to mark the time for evening prayers.,https://en.wikipedia.org/wiki/Sarajevo_Clock_Tower,sarajevo clock tower (sahat-kula),Sarajevo Region
Vareš Old Church of St. Michael,Vareš,The oldest Catholic church in Bosnia that was never converted or destroyed throughout Ottoman rule.,Religious Site,Ottoman,44.1644,18.3289,"church, history, Vareš, Catholic",All year,45 min,C,The church is built of stone and wood and looks more like a traditional house to avoid attracting attention.,http://kons.gov.ba/,vareš old church of st. michael,Central Bosnia
Stećci Necropolis Grebnice,Stolac/Bunčići,A necropolis located on a ridge with tombstones featuring unique cross and shield reliefs.,National Monument,Medieval,43.0583,18.0667,"stećci, UNESCO, Stolac, history",Spring-Autumn,1 hour,C,"It is part of the high-concentration area of stećci around Stolac, a hotspot for medieval archeology.",https://whc.unesco.org/en/list/1504,stećci necropolis grebnice,Herzegovina
Fortress of Livno (Bistrica),Livno,"A fortification complex above the source of the river Bistrica, known as 'Vejs Kula'.",Fortress,Ottoman,43.8306,17.0117,"castle, Livno, view, history",Spring-Summer,1 hour,C,The fortress once housed a massive grain storage to feed the border garrisons.,https://en.wikipedia.org/wiki/Livno,of livno (bistrica),Central Bosnia
Museum of the Franciscan Monastery Gorica,Livno,A museum housing an ethnological collection and works by the painter Gabriel Jurkić.,Museum,Austro-Hungarian,43.825,17.025,"monastery, art, history, Livno",All year,1.5 hours,B,It contains one of the best-preserved collections of traditional folk costumes from western Bosnia.,https://en.wikipedia.org/wiki/Gorica_Monastery,museum of the franciscan monastery gorica,Central Bosnia
Old Mosque in Pliva,Jajce/Pliva,A rare wooden mosque built in a style unique to the forest regions of Bosnia.,Religious Site,Ottoman,44.3456,17.2111,"mosque, wood, Jajce, tradition",All year,30 min,C,"The mosque's minaret is made entirely of wood, using no metal nails in its original construction.",http://kons.gov.ba/,old mosque in pliva,Central Bosnia
Fortress of Gradina (Cazin),Cazin,A medieval fortress that was once the seat of the Bishops of Knin.,Fortress,Medieval,44.9667,15.9333,"castle, Cazin, history, defense",Spring-Autumn,1 hour,C,The fortress was a key northern defense point before the Ottoman conquest of Bihać.,https://en.wikipedia.org/wiki/Cazin,of gradina (cazin),Krajina
Museum of the Battle for the Wounded,Jablanica,"A museum dedicated to the Battle of the Neretva, featuring a collapsed bridge in the river.",Museum/Yugoslav Monument,Yugoslavia,43.6603,17.7619,"WWII, Tito, partisans, Neretva, bridge",All year,2 hours,A,The collapsed bridge in the river was actually blown up twice—once during the war and once for a 1969 film.,https://en.wikipedia.org/wiki/Jablanica,museum of the battle for the wounded,Herzegovina
Gornji Grad Fortress,Gračanica,"A medieval fortress guarding the Spreča valley, later expanded by the Ottomans.",Fortress,Medieval/Ottoman,44.7042,18.3125,"castle, Gračanica, defense, history",Spring-Autumn,1 hour,C,The fortress offers a view of the entire industrial basin of northern Bosnia.,https://en.wikipedia.org/wiki/Gračanica,gornji grad,Northern Bosnia
Gradina in Gornji Pale,Pale,The remains of a medieval fortified residence of the Pavlović noble family.,National Monument,Medieval,43.8111,18.5667,"noble, ruins, Pale, Pavlovići",Spring-Summer,1 hour,C,It was one of the key defensive points protecting the road to the royal city of Bobovac.,http://kons.gov.ba/,gradina in gornji pale,Central Bosnia
Monastery of St. Nicholas,Ozren,A 14th-century Serbian Orthodox monastery known for its unique fresco paintings.,Religious Site,Medieval,44.5942,18.3242,"monastery, Orthodox, frescoes, Ozren",All year,1.5 hours,B,The monastery was a major center for copying manuscripts during the Ottoman period.,https://en.wikipedia.org/wiki/Ozren_Monastery,monastery of st. nicholas,Central Bosnia
Old Mosque in Šerići,Živinice,"A rare example of a wooden mosque with a porch and a wooden minaret, preserved in its original form.",Religious Site,Ottoman,44.4789,18.5233,"mosque, wood, architecture, Živinice",All year,30 min,C,It is one of the few wooden mosques in the Tuzla region that survived the wars of the 20th century.,http://kons.gov.ba/,old mosque in šerići,Central Bosnia
Fortress of Teočak,Teočak,A medieval fortress famous for its 'Old Town' and the mosque of Fethija built within its walls.,Fortress,Medieval/Ottoman,44.6025,18.8892,"castle, Teočak, border, history",Spring-Autumn,1 hour,C,"The fortress was the seat of the Hungarian puppet-king of Bosnia, Nikola Iločki.",https://en.wikipedia.org/wiki/Teočak,of teočak,Northern Bosnia
St. Anne's Church,Gomionica,A historic monastery church located in the picturesque valley of the Gomionica river.,Religious Site,Medieval,44.7233,16.9125,"church, monastery, nature, Banja Luka",All year,1 hour,B,"Petar Kočić, a famous Bosnian writer, spent part of his childhood in this monastery.",https://en.wikipedia.org/wiki/Gomionica_Monastery,st. anne's church,Northern Bosnia
Roman Military Camp Castrum,Doboj,Archeological remains of a Roman military camp that later became the foundation for Doboj fortress.,Archeological Site,Roman,44.7331,18.0897,"Roman, castrum, archeology, Doboj",Spring-Autumn,45 min,C,It served as a major logistics hub for Roman troops moving toward the Danube.,https://en.wikipedia.org/wiki/Doboj_Fortress,roman military camp castrum,Northern Bosnia
Old Town of Ključ,Ključ,"The fortress where the last Bosnian king, Stjepan Tomašević, was captured by the Ottomans.",Fortress,Medieval,44.5317,16.7725,"castle, kings, history, Ključ, Una",Spring-Autumn,1.5 hours,B,The capture of this fortress in 1463 marked the official fall of the Bosnian Kingdom.,https://en.wikipedia.org/wiki/Ključ_Fortress,old town of ključ,Central Bosnia
Bijela Mosque in Brčko,Brčko,"A beautiful 19th-century mosque located in the center of Brčko, featuring distinct white walls.",Religious Site,Austro-Hungarian,44.8767,18.8111,"mosque, Brčko, architecture, city center",All year,30 min,B,It is the oldest mosque in the city and a symbol of the multicultural spirit of Brčko.,https://en.wikipedia.org/wiki/Brčko,bijela mosque in brčko,Northern Bosnia
Mijat’s Cave (Mijatova pećina),Blidinje/Tomislavgrad,A high-altitude cave on Mt. Vran where the legendary hajduk Mijat Tomić gathered his band.,Hidden Gem,Ottoman,43.6644,17.5147,"outlaw, hajduk, legend, cave",Spring-Autumn,2 hours,C,"Mijat Tomić is a legendary figure in folk songs, celebrated as a protector of the poor against Ottoman rule.",https://en.wikipedia.org/wiki/Mijat_Tomić,mijat’s cave (mijatova pećina),Herzegovina
Old Town of Kozarac,Prijedor/Kozarac,A renovated Ottoman-era fortress at the foot of the Kozara Mountain.,Fortress,Ottoman,44.9694,16.8406,"castle, Kozarac, history, views",All year,1 hour,B,The town was once a significant administrative center of the Turkish captaincy.,https://en.wikipedia.org,old town of kozarac,Northern Bosnia
Church of the Assumption of the Virgin Mary,Sanski Most,A historic Catholic church that stands as a landmark of the city’s skyline.,Religious Site,Austro-Hungarian,44.7667,16.6667,"church, Sanski Most, history, Catholic",All year,30 min,C,The church features beautiful architectural details and is a key symbol of the city's multicultural heritage.,https://en.wikipedia.org,church of the assumption of the virgin mary,Northern Bosnia
Fortress of Vrnograč,Velika Kladuša,"A small, strategic medieval fort located on the border between Bosnia and Croatia.",Fortress,Medieval,45.1611,15.9556,"castle, border, history, Kladuša",Spring-Summer,1 hour,C,It was part of the 'Captaincy of the Una' defensive line against the Habsburg Empire.,https://en.wikipedia.org/wiki/Vrnograč_Castle,of vrnograč,Krajina
Kuvet-ul-Islam Mosque,Zvornik,"A central mosque in Zvornik, rebuilt after the war, representing the resilience of the local community.",Religious Site,Modern,44.3856,19.1025,"mosque, Zvornik, Drina, history",All year,30 min,B,"The mosque is situated right on the bank of the Drina river, overlooking the border with Serbia.",https://en.wikipedia.org/wiki/Zvornik,kuvet-ul-islam mosque,Eastern Bosnia
Stari Grad Visoki,Visoko,"The ruins of the medieval royal city of Visoki, located on top of the Visočica hill.",Fortress,Medieval,43.9833,18.1758,"castle, kings, history, Visoko, archeology",Spring-Autumn,1.5 hours,B,The charter of the Bosnian State was signed here by King Tvrtko I in 1355.,https://en.wikipedia.org/wiki/Visoki,stari grad visoki,Central Bosnia
Monastery of Tavna,Bijeljina,A 14th-century monastery located at the confluence of the rivers Tavna and Drina.,Religious Site,Medieval,44.6125,19.1125,"monastery, Orthodox, nature, history",All year,1.5 hours,B,"The monastery is famous for its architecture, which resembles the style of the famous Studenica monastery in Serbia.",https://en.wikipedia.org/wiki/Tavna_Monastery,monastery of tavna,Northern Bosnia
Old Bridge in Klepci,Čapljina,"The oldest Ottoman bridge in Herzegovina, predating the Stari Most in Mostar.",Monument,Ottoman,43.1025,17.7242,"bridge, Čapljina, history, architecture",All year,30 min,C,It was built in 1517 by Mustafa-bey and served as the main crossing for caravans toward the coast.,http://kons.gov.ba/,old bridge in klepci,Herzegovina
Fortress of Klobuk,Trebinje,"A remote fortress located on a cliff, one of the last strongholds of the Bosnian state.",Fortress,Medieval/Ottoman,42.7217,18.5556,"castle, cliff, Trebinje, remote",Spring-Autumn,2 hours,C,Klobuk was notoriously difficult to conquer due to its position on a 200m vertical drop.,https://en.wikipedia.org/wiki/Klobuk_Fortress,of klobuk,Herzegovina
St. George’s Church in Sopotnica,Goražde,"The site of the first printing house in Bosnia and Herzegovina, founded in 1519.",Religious Site,Medieval,43.6825,19.0067,"church, printing, history, Goražde",All year,1 hour,B,The Goražde printing house produced liturgical books that are now kept in museums across the world.,https://en.wikipedia.org/wiki/Sopotnica_Church,st. george’s church in sopotnica,Herzegovina
Fortress of Sokol u Usori,Doboj/Usora,A medieval fortress that once belonged to the local ban and noble families.,Fortress,Medieval,44.7083,18.0025,"castle, Usora, history, defense",Spring-Summer,1 hour,C,It was part of the 'Lower Lands' (Donji Kraji) defense system in medieval Bosnia.,https://en.wikipedia.org/wiki/Usora,of sokol u usori,Northern Bosnia
Necropolis of Stećci in Bečani,Šekovići,A UNESCO-listed necropolis featuring uniquely tall and decorated medieval tombstones.,National Monument,Medieval,44.2989,18.8356,"stećci, UNESCO, Šekovići, history",Spring-Autumn,1 hour,C,The site is surrounded by pristine nature in the mountainous region of Eastern Bosnia.,https://whc.unesco.org/en/list/1504,necropolis of stećci in bečani,Eastern Bosnia
Fortress of Novi Grad (Derventa),Derventa,The ruins of a late medieval and Ottoman fortress on the Ukrina river.,Fortress,Medieval/Ottoman,44.9789,17.9078,"castle, river, Derventa, history",Spring-Autumn,1 hour,C,The fortress controlled the river trade routes between the Sava river and the Bosnian interior.,https://en.wikipedia.org/wiki/Derventa,of novi grad (derventa),Northern Bosnia
Spomenik Krila Slobode (Žuč),Sarajevo/Velešići,A massive memorial monument on Žuč hill dedicated to the defenders of Sarajevo during the 1990s siege.,Memorial,Modern,43.8764,18.3683,"war, defense, wings, Žuč, Sarajevo, viewpoint",All year,1 hour,B,"The monument symbolizes the breakthrough and freedom of the city, offering a 360-degree view of Sarajevo.",https://memorijal.ba,spomenik krila slobode (žuč),Sarajevo Region
Mount Žuč,Sarajevo,"A strategic hill and a site of key battles during the Siege of Sarajevo, now a memorial park.",Historical Site,Modern,43.878,18.365,"history, war, hiking, Sarajevo, Žuč",All year,2 hours,B,The area is being transformed into a large memorial and recreational park with museums and trenches.,https://sarajevo.ba,mount žuč,Sarajevo Region
Sarajevo Cable Car (Žičara),Sarajevo,A modern cable car connecting the old town (Bistrik) with the Trebević mountain.,Tourism,Modern,43.8547,18.4356,"viewpoint, cable car, Trebević, Sarajevo, panoramic",All year,15 min,A,"The original cable car was built in 1959, destroyed during the war, and reopened as a brand new system in 2018.",https://zicara.ba,sarajevo cable car (žičara),Sarajevo Region
Trebević Bobsleigh Track,Sarajevo,The remains of the bobsleigh and luge track built for the 1984 Winter Olympics.,Yugoslav Monument,Yugoslavia,43.8439,18.4419,"Olympics, bobsleigh, ruins, graffiti, Trebević",All year,1.5 hours,A,The track is now a world-famous spot for graffiti artists and extreme sports like downhill mountain biking.,https://en.wikipedia.org,trebević bobsleigh track,Sarajevo Region
Mount Trebević,Sarajevo,"A mountain overlooking Sarajevo, known as the 'lungs of the city,' offering hiking trails and viewpoints.",Natural,Modern,43.8361,18.4556,"nature, hiking, mountain, viewpoint, Sarajevo",All year,3-4 hours,A,"During the 1984 Olympics, it hosted several alpine and sliding competitions.",https://en.wikipedia.org,mount trebević,Central Bosnia
Mila Necropolis,Visoko/Arnautovići,The coronation and burial site of Bosnian kings and the location of the first Bosnian Parliament.,National Monument,Medieval,43.9986,18.1408,"kings, coronation, history, Visoko, Parliament",All year,45 min,A,This is where King Tvrtko I was crowned in 1377 and where the Charter of King Stephen Ostoja was signed in 1404.,https://en.wikipedia.org,mila necropolis,Central Bosnia
Lukin Mlin (Luke's Mill),Žepče,A rare preserved watermill on the Bosna river that has been operational for over a century.,Hidden Gem,Modern,44.4258,18.0375,"mill, river, tradition, Žepče",Spring-Autumn,30 min,C,"The mill still uses traditional stone grinding methods to produce organic flour, maintaining a 100-year-old family tradition.",https://en.wikipedia.org,lukin mlin (luke's mill),Central Bosnia
Gradina Fortress,Pale,The ruins of a medieval fortress that served as the residence of the noble Pavlović family.,Fortress,Medieval,43.8167,18.5667,"castle, Pavlović, ruins, Pale, history",Spring-Autumn,1 hour,C,The fortress controlled the 'Carski put' (Imperial Road) that connected Sarajevo with Constantinople during the Ottoman era.,https://en.wikipedia.org,gradina,Central Bosnia
Franciscan Monastery of St. Catherine,Kreševo,A 14th-century monastery famous for its museum and the tradition of horseshoeing eggs.,Religious Site,Medieval,43.8647,18.0461,"monastery, museum, tradition, Kreševo",All year,1.5 hours,B,The museum holds a unique collection of minerals and the famous 'horseshoed egg' - a symbol of blacksmith skill.,https://en.wikipedia.org,franciscan monastery of st. catherine,Central Bosnia
Pavlović Castle (Borač),Rogatica,"The remains of one of the largest medieval fortified cities in Bosnia, the seat of the Pavlović family.",Fortress,Medieval,43.7431,18.9667,"castle, Pavlović, ruins, Rogatica",Spring-Summer,2 hours,C,The fortress had 11 towers and was one of the most important administrative centers of medieval Bosnia.,https://en.wikipedia.org,pavlović castle (borač),Eastern Bosnia
Savić House,Banja Luka,"The oldest preserved urban house in Banja Luka, representing 19th-century architecture.",National Monument,Ottoman/Austro-Hungarian,44.7711,17.1894,"house, Banja Luka, history, architecture",All year,30 min,C,The house is a rare example of how the wealthy merchant families of Banja Luka lived 150 years ago.,http://kons.gov.ba,savić house,Northern Bosnia
Olovo City Museum,Olovo,A local museum showcasing the rich mining history and medieval heritage of the Olovo region.,Museum,Medieval/Modern,44.1286,18.5814,"history, mining, Olovo, heritage",All year,1 hour,C,"Olovo was one of the most important lead mining centers in the medieval Balkans, giving the town its name.",https://en.wikipedia.org,olovo city museum,Central Bosnia
Fortica Mostar,Mostar,"A skywalk and adventure park on a hill above Mostar, featuring a giant national flag.",Viewpoint/Rec,Modern,43.3339,17.8389,"skywalk, zipline, Mostar, view, flag",All year,1.5 hours,A,The 35-meter long glass skywalk offers a terrifyingly beautiful view of the city and the Old Bridge.,https://visitmostar.ba,fortica mostar,Herzegovina
Makljen Spite Monument (The Fist),Prozor-Rama,The remains of a massive monument 'Poet of the Revolution' on the Makljen pass.,Yugoslav Monument,Yugoslavia,43.8475,17.5947,"spomenik, brutalism, Makljen, Tito, ruins",All year,30 min,C,"Although blown up in 2000, its skeletal concrete frame remains a hauntingly striking landmark.",https://spomenikdb.org,makljen spite monument (the fist),Central Bosnia
Smrike Necropolis,Novi Travnik,"A unique memorial complex dedicated to WWII victims, designed by Bogdan Bogdanović.",Yugoslav Monument,Yugoslavia,44.1558,17.6536,"spomenik, brutalism, Novi Travnik, Bogdanović",All year,1 hour,C,"The site features 12 stone 'guardians' with bird-like eyes, typical of Bogdanović's surrealist style.",https://spomenikdb.org,smrike necropolis,Central Bosnia
Garavice Memorial Park,Bihać,A sprawling memorial site on a hill dedicated to the victims of fascist terror in WWII.,Yugoslav Monument,Yugoslavia,44.8211,15.8456,"spomenik, Bihać, WWII, memorial",All year,1 hour,B,"The park consists of 15 massive stone pillars designed by Bogdan Bogdanović in a mystical, organic style.",https://spomenikdb.org,garavice memorial park,Krajina
Ravna Planina Resort,Pale,"A modern four-season mountain resort with a ski slope, a gondola lift, and an artificial lake for recreational activities.",Nature/Rec,Modern,43.8056,18.5758,"ski, gondola, Pale, nature, lake, viewpoint",All year,3-5 hours,B,The newly built gondola provides a seamless panoramic connection between the base of the mountain and the top station's lake area.,https://ski-rp.com,ravna planina resort,Central Bosnia
